,Jednostka miary,2002,2003,2004,2005,2006,2007,2008,2009,2010,2011,2012,2013,2014
PODZIA£ TERYTORIALNY (STAN W DNIU 31 XII),,,,,,,,,,,,,,
Miejscowoœci podstawowe ogó³em,-,0,0,0,0,0,0,0,0,0,0,0,0,0
So³ectwa,-,0,0,0,0,0,0,0,0,0,0,0,0,0
Powierzchnia*,ha,26131,26131,26131,26137,26185,26185,26185,26185,26185,26191,26191,26191,26191
LUDNOŒÆ (STAN W DNIU 31 XII) *,,,,,,,,,,,,,,
Ludnoœæ faktycznie zamieszka³a,,,,,,,,,,,,,,
ogó³em,osoba,577117,574125,570778,567882,564951,560932,557264,554221,555614,553564,550742,548028,545680
kobiety,osoba,308171,306603,304898,303244,301630,299594,297738,296095,296784,295604,294243,292752,291364
mê¿czyŸni,osoba,268946,267522,265880,264638,263321,261338,259526,258126,258830,257960,256499,255276,254316
Ludnoœæ wed³ug grup wieku:,,,,,,,,,,,,,,
0-4 lat,osoba,22659,22735,22864,23315,24167,25206,26121,27226,28628,28856,28979,28438,28187
5-9 lat,osoba,24224,23201,22452,22007,21643,20980,20842,20849,21415,22038,22980,24131,25380
10-14 lat,osoba,30511,28930,27262,25586,24110,22900,21928,21126,20865,20242,19704,19625,19713
15-19 lat,osoba,42718,39742,37170,35044,33181,31528,29767,27800,26856,23864,23147,22274,21370
20-24 lat,osoba,63156,61934,59232,55492,51413,46933,43501,40450,44098,41862,37421,33924,30384
25-29 lat,osoba,53223,54893,57039,58263,58624,58492,57185,54940,53281,53361,52294,49920,47021
30-34 lat,osoba,37601,40204,42850,45996,49592,52124,53358,55105,50618,50782,51305,53026,54092
35-39 lat,osoba,32258,31994,31903,32537,33564,35327,37728,40243,40466,42820,44637,45441,46929
40-44 lat,osoba,37250,35091,33172,31831,30895,30353,30063,30009,30401,31088,32262,34140,35887
45-49 lat,osoba,47808,46082,44136,41409,38374,35295,33087,31297,30554,29642,29157,28639,28546
50-54 lat,osoba,47554,47183,46775,46525,45951,44964,43398,41537,39840,37088,34131,32050,30298
55-59 lat,osoba,33718,37892,41912,45094,44188,43887,43670,43427,44292,43860,43224,41642,39870
60-64 lat,osoba,24815,23813,22537,22665,27175,30820,34575,38279,41963,41431,41365,41208,41015
65-69 lat,osoba,25058,24731,24694,24050,22940,22160,21315,20256,20575,24714,28160,31757,35240
70 lat i wiêcej,osoba,54564,55700,56780,58068,59134,59963,60726,61677,61762,61916,61976,61813,61748
Ludnoœæ na 1 km2 (gêstoœæ zaludnienia),osoba,2209,2197,2184,2173,2158,2142,2128,2117,2122,2114,2103,2092,2083
Ludnoœæ w wieku:,,,,,,,,,,,,,,
przedprodukcyjnym,osoba,100437,96184,92720,90177,88212,86415,85073,84451,85220,84566,84664,84968,85668
produkcyjnym,osoba,382869,383966,383754,382827,379394,375024,370658,366234,364578,359132,352652,346120,339667
poprodukcyjnym,osoba,93811,93975,94304,94878,97345,99493,101533,103536,105816,109866,113426,116940,120345
W % ogó³em ludnoœæ w wieku:,,,,,,,,,,,,,,
przedprodukcyjnym,%,17.4,16.8,16.2,15.9,15.6,15.4,15.3,15.2,15.3,15.3,15.4,15.5,15.7
produkcyjnym,%,66.3,66.9,67.2,67.4,67.2,66.9,66.5,66.1,65.6,64.9,64.0,63.2,62.2
poprodukcyjnym,%,16.3,16.4,16.5,16.7,17.2,17.7,18.2,18.7,19.0,19.8,20.6,21.3,22.1
WskaŸniki obci¹¿enia demograficznego,,,,,,,,,,,,,,
ludnoœæ w wieku nieprodukcyjnym na 100 osób w wieku produkcyjnym,osoba,50.7,49.5,48.7,48.3,48.9,49.6,50.3,51.3,52.4,54.1,56.2,58.3,60.7
ludnoœæ w wieku poprodukcyjnym na 100 osób w wieku przedprodukcyjnym,osoba,93.4,97.7,101.7,105.2,110.4,115.1,119.3,122.6,124.2,129.9,134.0,137.6,140.5
ludnoœæ w wieku poprodukcyjnym na 100 osób w wieku produkcyjnym,osoba,24.5,24.5,24.6,24.8,25.7,26.5,27.4,28.3,29.0,30.6,32.2,33.8,35.4
Kobiety na 100 mê¿czyzn,osoba,115,115,115,115,115,115,115,115,115,115,115,115,115
Na 1000 ludnoœci:,,,,,,,,,,,,,,
zgony,-,9.84,10.00,9.93,9.48,9.98,10.08,10.34,10.09,10.12,9.73,10.28,10.51,10.17
przyrost naturalny,-,-2.2,-1.4,-1.2,0.0,0.0,0.0,0.7,1.2,0.7,0.8,0.2,-0.2,0.2
urodzenia ¿ywe,-,7.7,8.6,8.7,9.5,10.0,10.1,11.0,11.3,10.9,10.5,10.5,10.3,10.4
ma³¿eñstwa zawarte w ci¹gu roku,-,4.9,5.0,4.7,5.2,5.6,6.1,6.7,6.4,5.7,5.2,5.1,4.4,4.6
Saldo migracji na pobyt sta³y,,,,,,,,,,,,,,
saldo migracji gminnych wewnêtrznych,osoba,-559,-1414,-2054,-2042,-2015,-2752,-2900,-2604,-2685,-2253,-2103,-2206,-1514
saldo migracji zagranicznych,osoba,-127,-99,33,-33,-409,-306,-221,-267,-320,-240,-207,-372,-370
RYNEK PRACY (STAN W  DNIU 31 XII),,,,,,,,,,,,,,
Pracuj¹cy*,,,,,,,,,,,,,,
ogó³em,osoba,219390,213680,225662,222248,224741,232178,227846,226217,227457,230218,228790,226951,:
mê¿czyŸni,osoba,109965,109300,116715,117516,118823,121730,115637,114966,114805,116558,114345,112082,:
kobiety,osoba,109425,104380,108947,104732,105918,110448,112209,111251,112652,113660,114445,114869,:
Bezrobotni zarejestrowani,,,,,,,,,,,,,,
ogó³em,osoba,-,21890,21544,19625,15803,9302,5612,10178,11200,11580,13686,13530,10350
mê¿czyŸni,osoba,-,10302,9980,8672,6587,3725,2561,5067,5454,5279,6560,6600,4871
kobiety,osoba,-,11588,11564,10953,9216,5577,3051,5111,5746,6301,7126,6930,5479
Udzia³ bezrobotnych zarejestrowanych w liczbie ludnoœci w wieku produkcyjnym,,,,,,,,,,,,,,
ogó³em,%,-,5.7,5.6,5.1,4.2,2.5,1.5,2.8,3.1,3.2,3.9,3.9,3.0
kobiety,%,-,5.9,5.9,5.6,4.8,3.0,1.7,2.8,3.2,3.6,4.1,4.1,3.3
mê¿czyŸni,%,-,5.5,5.3,4.6,3.5,2.0,1.4,2.7,2.9,2.9,3.7,3.7,2.8
ZASOBY MIESZKANIOWE,,,,,,,,,,,,,,
Mieszkania*,-,213335,216365,218602,221689,224322,228158,231380,234806,236627,239035,241664,244170,247741
Przeciêtna powierzchnia u¿ytkowa,,,,,,,,,,,,,,
1 mieszkania,m2,62.4,63.0,63.2,63.5,63.6,63.8,64.2,64.3,64.5,64.6,64.6,64.7,64.6
na 1 osobê,m2,23.1,23.7,24.2,24.8,25.2,26.0,26.7,27.2,27.5,27.9,28.4,28.8,29.3
Mieszkania wyposa¿one w urz¹dzenia techniczno-sanitarne:,,,,,,,,,,,,,,
wodoci¹g,-,212178,215624,217861,220948,223590,227427,230648,234078,236282,238691,241322,243828,:
ustêp sp³ukiwany,-,206137,209753,211988,215075,217740,221585,224813,228433,233945,236374,239014,241525,:
³azienka,-,201460,205722,207959,211046,213713,217566,220799,224253,231990,234422,237065,239581,:
centralne ogrzewanie,-,178929,182721,184618,187334,189724,193461,196616,200122,204751,207186,209849,212367,:
gaz z sieci,-,189693,192789,195017,197441,199181,202554,204141,205846,197204,198308,200388,201386,:
PRZEMYS£ I BUDOWNICTWO,,,,,,,,,,,,,,
Budynki mieszkalne oddane do u¿ytkowania*,-,686,1209,688,702,506,602,633,497,512,432,453,365,427
Mieszkania oddane do u¿ytkowania,,,,,,,,,,,,,,
mieszkania,-,2890,3054,2509,3375,2828,3986,3343,3531,3180,2512,2734,2597,3642
izby,-,9501,12050,9081,11303,9501,13036,11206,11286,10386,8092,8512,7678,10845
powierzchnia u¿ytkowa mieszkañ,m2,233260,302664,234302,283128,220976,321717,301670,246448,230615,185474,194135,184830,234300
GOSPODARKA KOMUNALNA,,,,,,,,,,,,,,
Odbiorcy energii elektrycznej na niskim napiêciu w gospodarstwach domowych,,,,,,,,,,,,,,
w miastach,szt.,221083,222396,224242,226574,229270,232261,235065,237444,239965,242447,243991,245778,:
Zu¿ycie energii elektrycznej na niskim napiêciu w gospodarstwach domowych,,,,,,,,,,,,,,
w miastach,MWh,451853,458362,428595,452391,460965.40,456768.73,470600.33,472210,485300,472321,462461,461840,:
Korzystaj¹cy z instalacji w % ogó³u ludnoœci,,,,,,,,,,,,,,
z wodoci¹gu,%,95.4,95.4,95.4,95.4,96.1,96.1,96.3,96.4,96.5,96.5,96.6,96.6,:
z kanalizacji,%,89.5,89.5,89.5,89.6,89.6,89.7,89.9,90.2,90.4,90.8,90.9,91.2,:
z gazu,%,-,89.0,89.2,89.0,88.8,88.8,88.3,87.7,87.4,87.0,83.0,82.3,:
"Zu¿ycie wody, energii elektrycznej i gazu z sieci w gospodarstwach domowych",,,,,,,,,,,,,,
zu¿ycie wody z wodoci¹gów w gospodarstwach domowych na 1 mieszkañca,m3,46.3,44.6,42.8,42.0,41.1,42.2,42.5,41.5,41.2,41.4,41.0,40.4,40.2
zu¿ycie energii elektrycznej w gospodarstwach domowych w miastach na 1 mieszkañca,kWh,781.0,796.1,748.0,793.7,813.6,809.8,841.2,849.3,871.7,852.1,837.2,841.1,:
zu¿ycie gazu z sieci w gospodarstwach domowych na 1 mieszkañca,m3,206.1,217.6,203.5,245.6,270.3,257.1,231.9,206.3,230.1,200.7,203.6,203.8,:
EDUKACJA I WYCHOWANIE,,,,,,,,,,,,,,
Placówki wychowania przedszkolnego,,,,,,,,,,,,,,
przedszkola bez specjalnych,ob.,161,161,156,154,158,163,180,181,191,193,202,209,:
przedszkola specjalne,ob.,7,7,7,7,6,3,3,3,4,4,4,5,:
oddzia³y przedszkolne przy szko³ach podstawowych,ob.,26,60,61,64,64,63,67,69,63,66,66,66,:
zespo³y wychowania przedszkolnego bez specjalnych,ob.,-,-,-,-,-,-,0,0,0,0,0,0,:
punkty przedszkolne bez specjalnych,ob.,-,-,-,-,-,-,0,2,4,9,12,10,:
Dzieci w placówkach wychowania przedszkolnego,,,,,,,,,,,,,,
przedszkola bez specjalnych,osoba,13263,12826,13223,13523,13945,14294,15404,15963,16458,16498,17163,17453,:
przedszkola specjalne,osoba,373,366,376,344,327,88,94,96,107,103,99,116,:
oddzia³y przedszkolne przy szko³ach podstawowych,osoba,745,1544,1727,1713,1742,1641,1737,2040,1993,2607,2466,2971,:
zespo³y wychowania przedszkolnego bez specjalnych,osoba,-,-,-,-,-,-,0,0,0,0,0,0,:
punkty przedszkolne bez specjalnych,osoba,-,-,-,-,-,-,0,55,72,125,179,164,:
Miejsca w placówkach wychowania przedszkolnego,,,,,,,,,,,,,,
przedszkola bez specjalnych,msc.,14058,14764,14448,14518,14862,14786,15814,16600,17350,17489,18179,18670,:
przedszkola specjalne,msc.,457,450,465,417,388,98,98,99,113,113,116,136,:
zespo³y wychowania przedszkolnego bez specjalnych,msc.,-,-,-,-,-,-,0,0,0,0,0,0,:
punkty przedszkolne bez specjalnych,msc.,-,-,-,-,-,-,0,66,100,187,251,247,:
Szko³y podstawowe,,,,,,,,,,,,,,
szko³y podstawowe ogó³em,ob.,105,101,100,103,107,108,106,107,106,110,109,111,:
szko³y podstawowe dla dzieci i m³odzie¿y bez specjalnych,ob.,92,88,85,87,91,90,89,90,89,93,92,94,:
szko³y podstawowe specjalne dla dzieci i m³odzie¿y,ob.,13,13,15,16,16,17,16,16,16,16,16,16,:
szko³y podstawowe dla doros³ych,ob.,0,0,0,0,0,1,1,1,1,1,1,1,:
szko³y podstawowe ogó³em - uczniowie,osoba,33779,32116,30696,29556,28572,27712,27130,26953,27811,28767,28757,29274,:
szko³y podstawowe dla dzieci i m³odzie¿y bez specjalnych - uczniowie,osoba,33149,31525,30098,28977,27961,27163,26585,26416,27119,28098,28177,28731,:
szko³y podstawowe specjalne dla dzieci i m³odzie¿y - uczniowie,osoba,630,591,598,579,611,535,519,495,496,479,516,505,:
szko³y podstawowe dla doros³ych - uczniowie,osoba,0,0,0,0,0,14,26,42,196,190,64,38,:
Szko³y gimnazjalne,,,,,,,,,,,,,,
gimnazja ogó³em,ob.,82,81,82,85,88,90,89,88,89,92,90,90,:
gimnazja dla dzieci i m³odzie¿y bez specjalnych,ob.,67,66,66,67,70,70,70,68,68,71,68,69,:
gimnazja dla dzieci i m³odzie¿y specjalne,ob.,14,14,15,16,16,17,16,17,17,16,17,17,:
gimnazja dla doros³ych,ob.,1,1,1,2,2,3,3,3,4,5,5,4,:
gimnazja ogó³em - uczniowie,osoba,20856,20128,19433,18563,17598,16668,15961,15375,15033,14521,14022,13879,:
gimnazja dla dzieci i m³odzie¿y bez specjalnych - uczniowie,osoba,20176,19530,18791,17892,16912,15964,15162,14477,14057,13594,13120,13019,:
gimnazja dla dzieci i m³odzie¿y specjalne - uczniowie,osoba,643,572,588,549,538,520,474,469,462,412,420,392,:
gimnazja dla doros³ych - uczniowie,osoba,37,26,54,122,148,184,325,429,514,515,482,468,:
Szko³y zasadnicze,,,,,,,,,,,,,,
ponadgimnazjalne szko³y przysposabiaj¹ce do pracy zawodowej specjalne,ob.,-,-,4,5,5,5,5,5,5,5,5,5,:
ponadgimnazjalne szko³y przysposabiaj¹ce do pracy zawodowej specjalne - uczniowie,osoba,-,-,48,83,141,157,155,154,167,155,154,154,:
ponadgimnazjalne zasadnicze szko³y zawodowe dla m³odzie¿y bez specjalnych,ob.,-,-,16,14,14,13,13,13,13,13,12,12,:
ponadgimnazjalne zasadnicze szko³y zawodowe dla m³odzie¿y bez specjalnych - uczniowie,osoba,-,-,2764,2640,2490,2422,2304,2210,2176,2147,2056,1893,:
ponadgimnazjalne zasadnicze szko³y zawodowe dla m³odzie¿y specjalne,ob.,-,-,5,5,5,6,6,6,6,5,5,4,:
ponadgimnazjalne zasadnicze szko³y zawodowe dla m³odzie¿y specjalne - uczniowie,osoba,-,-,450,396,346,339,289,269,234,199,186,151,:
ponadgimnazjalne zasadnicze szko³y zawodowe dla doros³ych,ob.,-,-,0,0,0,0,0,0,0,0,0,0,:
ponadpodstawowe szko³y zasadnicze dla doros³ych - uczniowie,osoba,-,-,0,0,0,0,0,0,0,0,0,0,:
Licea ogólnokszta³c¹ce,,,,,,,,,,,,,,
licea ogólnokszta³c¹ce ponadgimnazjalne dla m³odzie¿y bez specjalnych,ob.,43,43,44,45,45,44,44,45,43,44,42,42,:
licea ogólnokszta³c¹ce ponadgimnazjalne dla m³odzie¿y bez specjalnych - uczniowie,osoba,5966,11760,17464,17395,17207,16523,15897,14967,14339,13692,13022,12569,:
licea ogólnokszta³c¹ce specjalne ponadgimnazjalne dla m³odzie¿y,ob.,3,3,4,5,4,3,3,3,3,3,4,4,:
licea ogólnokszta³c¹ce specjalne ponadgimnazjalne dla m³odzie¿y - uczniowie,osoba,7,6,38,70,55,50,48,46,59,58,78,81,:
licea ogólnokszta³c¹ce ponadpodstawowe dla doros³ych,ob.,19,24,7,4,1,26,25,22,26,27,29,29,:
licea ogólnokszta³c¹ce ponadpodstawowe dla doros³ych - uczniowie,osoba,5279,5401,4906,1721,562,3936,4171,4289,4437,3898,4585,5189,:
uzupe³niaj¹ce licea ogólnokszta³c¹ce dla m³odzie¿y (bez specjalnych),ob.,-,-,-,0,0,0,0,0,1,1,1,0,-
uzupe³niaj¹ce licea ogólnokszta³c¹ce dla m³odzie¿y (bez specjalnych) - uczniowie,osoba,-,-,-,0,0,0,0,0,17,35,18,0,-
uzupe³niaj¹ce licea ogólnokszta³c¹ce dla m³odzie¿y specjalne,ob.,-,-,-,1,1,1,1,1,1,1,1,0,-
uzupe³niaj¹ce licea ogólnokszta³c¹ce dla m³odzie¿y specjalne - uczniowie,osoba,-,-,-,20,21,15,12,8,8,14,7,0,-
uzupe³niaj¹ce licea ogólnokszta³c¹ce dla doros³ych,ob.,-,-,-,21,23,25,20,21,23,24,22,2,-
uzupe³niaj¹ce licea ogólnokszta³c¹ce dla doros³ych - uczniowie,osoba,-,-,-,2017,2672,2332,2097,1966,2054,1742,897,57,-
Szkolnictwo policealne,,,,,,,,,,,,,,
szko³y policealne dla m³odzie¿y bez specjalnych,ob.,-,-,35,35,32,16,15,15,17,15,18,19,:
szko³y policealne dla m³odzie¿y bez specjalnych - uczniowie,osoba,-,-,3295,3039,2257,1362,1179,1174,1392,1327,1505,1467,:
szko³y policealne dla m³odzie¿y specjalne,ob.,-,-,1,1,2,2,2,2,2,2,2,2,:
szko³y policealne dla m³odzie¿y specjalne - uczniowie,osoba,-,-,11,20,33,41,42,42,41,41,50,45,:
szko³y policealne dla doros³ych,ob.,-,-,95,105,91,73,74,68,62,54,50,45,:
szko³y policealne dla doros³ych - uczniowie,osoba,-,-,7349,8799,9675,9493,10777,9209,9547,9889,9672,8606,:
Wspó³czynnik skolaryzacji brutto,,,,,,,,,,,,,,
szko³y podstawowe,%,-,105.02,105.67,106.56,107.60,107.00,107.59,110.14,113.55,118.45,116.22,116.03,:
szko³y gimnazjalne,%,-,105.19,107.13,108.37,109.95,111.08,112.80,114.80,115.35,115.24,115.70,117.67,:
Uczniowie przypadaj¹cy na 1 komputer z dostêpem do Internetu przeznaczony do u¿ytku uczniów,,,,,,,,,,,,,,
szko³y podstawowe dla dzieci i m³odzie¿y bez specjalnych,osoba,-,47.41,36.22,32.34,21.81,18.38,16.16,14.99,14.47,14.11,13.79,-,-
gimnazja dla dzieci i m³odzie¿y bez specjalnych,osoba,-,27.35,23.40,21.66,18.05,15.45,13.36,12.42,11.54,9.72,9.53,-,-
szko³y zawodowe bez policealnych,osoba,-,-,-,-,-,-,9.24,8.18,8.42,7.79,7.10,-,-
zasadnicze szko³y zawodowe,osoba,-,-,-,-,-,-,16.23,17.68,17.27,17.04,13.18,-,-
technika,osoba,-,-,-,-,-,-,8.17,-,-,-,-,-,-
technika (wraz z ogólnokszta³c¹cymi szko³ami artystycznymi daj¹cymi uprawnienia zawodowe),osoba,-,-,-,-,-,-,-,7.16,7.27,6.65,6.13,-,-
licea profilowane,osoba,-,-,-,-,-,-,8.79,8.01,13.14,12.81,0,-,-
licea ogólnokszta³c¹ce,osoba,-,-,-,-,-,-,14.28,14.95,12.77,11.95,13.90,-,-
szko³y policealne,osoba,-,-,-,-,-,-,4.89,7.72,10.88,20.42,14.47,-,-
"KULTURA FIZYCZNA, SPORT I REKREACJA",,,,,,,,,,,,,,
Kluby sportowe ³¹cznie z klubami wyznaniowymi i UKS,,,,,,,,,,,,,,
kluby,szt.,-,-,-,-,-,-,110,-,137,-,135,-,-
sekcje sportowe,szt.,-,-,-,-,-,-,226,-,275,-,306,-,-
cz³onkowie,osoba,-,-,-,-,-,-,12960,-,13604,-,13228,-,-
æwicz¹cy,,,,,,,,,,,,,,
ogó³em,osoba,-,-,-,-,-,-,9651,-,11248,-,11515,-,-
mê¿czyŸni,osoba,-,-,-,-,-,-,6697,-,7900,-,7949,-,-
kobiety,osoba,-,-,-,-,-,-,2954,-,3348,-,3566,-,-
æwicz¹cy do 18 lat,,,,,,,,,,,,,,
ogó³em,osoba,-,-,-,-,-,-,6757,-,7340,-,7120,-,-
ch³opcy,osoba,-,-,-,-,-,-,4396,-,4979,-,4687,-,-
dziewczêta,osoba,-,-,-,-,-,-,2361,-,2361,-,2433,-,-
trenerzy,osoba,-,-,-,-,-,-,280,-,384,-,400,-,-
instruktorzy sportowi,osoba,-,-,-,-,-,-,274,-,315,-,352,-,-
inne osoby prowadz¹ce zajêcia sportowe,osoba,-,-,-,-,-,-,97,-,121,-,107,-,-
OCHRONA ZDROWIA I OPIEKA SPO£ECZNA (STAN W DNIU 31 XII),,,,,,,,,,,,,,
Przychodnie,,,,,,,,,,,,,,
ogó³em,ob.,-,-,220,249,258,276,295,325,341,447,456,463,462
publiczne,ob.,-,-,24,24,23,24,31,27,28,27,-,-,-
niepubliczne,ob.,-,-,196,225,235,252,264,298,313,420,-,-,-
Praktyki lekarskie,,,,,,,,,,,,,,
w miastach, --,35,53,45,68,100,78,84,98,103,121,115,115,114
na wsi, --,0,0,0,0,0,0,0,0,0,0,0,0,0
Podstawowa opieka zdrowotna - porady,-,-,2043990,1911566,1940134,2020431,2001845,2063119,2296341,2311026,2485273,2487952,2483132,2513280
Apteki ogólnodostêpne,ob.,-,183,191,216,220,236,236,242,251,245,264,260,259
Liczba ludnoœci na 1 aptekê ogólnodostêpn¹,osoba,3375,3137,2988,2629,2568,2377,2361,2290,2214,2259,2086,2108,2107
¯³obki,,,,,,,,,,,,,,
ogó³em,ob.,4,14,14,14,14,14,13,14,14,21,28,45,70
miejsca rzeczywiste (³¹cznie z oddzia³ami),msc.,815,815,815,815,864,916,1250,970,1015,1354,1709,2314,3067
dzieci (³¹cznie z oddzia³ami),osoba,-,760,771,858,936,1028,1415,1110,1179,1351,1624,2060,2665
Placówki stacjonarnej pomocy spo³ecznej,,,,,,,,,,,,,,
placówki (z filiami),ob.,-,18,18,19,19,19,19,20,21,20,21,22,24
domy pomocy spo³ecznej,ob.,-,8,8,7,7,7,7,7,8,7,7,7,7
miejsca (³¹cznie z filiami),msc.,-,1174,1125,1115,1059,1054,1076,1234,1233,1329,1392,1506,1546
mieszkañcy (³¹cznie z filiami),osoba,-,1195,1118,1096,1043,1041,1051,1190,1170,1267,1351,1402,1341
TURYSTYKA,,,,,,,,,,,,,,
Wybrane turystyczne obiekty noclegowe,,,,,,,,,,,,,,
ogó³em,,,,,,,,,,,,,,
obiekty,ob.,52,54,55,57,61,60,65,70,75,73,89,87,90
miejsca noclegowe,msc.,7151,7120,7271,7524,7730,7617,7798,8007,8173,8021,8065,8054,9016
korzystaj¹cy z noclegów,osoba,363699,385016,402608,433970,482219,524214,532704,496286,582975,605337,621836,615236,731152
udzielone noclegi,-,616387,661025,676762,748421,850356,888865,979155,891737,986480,1023947,1042738,1016964,1175636
hotele,,,,,,,,,,,,,,
obiekty,ob.,29,32,33,34,40,40,45,47,47,46,48,50,55
miejsca noclegowe,msc.,4446,4520,4572,4750,5283,5490,5839,6246,5929,5944,5615,5860,6731
korzystaj¹cy z noclegów,osoba,276058,301114,317429,342513,399959,436539,454575,416644,443201,434375,407691,438015,542550
udzielone noclegi,-,432358,488145,498112,550247,637667,680353,776869,702960,717048,724644,676863,718395,874941
motele,,,,,,,,,,,,,,
obiekty,ob.,1,1,1,1,1,1,1,1,1,1,1,1,1
miejsca noclegowe,msc.,34,34,34,34,34,34,34,34,34,32,32,32,32
korzystaj¹cy z noclegów,osoba,3466,3037,3644,2965,2874,1968,1615,1549,1076,1919,2278,2591,2383
udzielone noclegi,-,4547,3999,4977,4499,3649,2479,1932,1751,1076,1919,2278,2591,2383
pensjonaty,,,,,,,,,,,,,,
obiekty,ob.,0,0,0,0,0,0,1,2,1,1,1,1,1
miejsca noclegowe,msc.,0,0,0,0,0,0,17,93,43,37,49,37,37
korzystaj¹cy z noclegów,osoba,0,0,0,0,0,313,1473,1713,2103,2605,2782,2368,2041
udzielone noclegi,-,0,0,0,0,0,610,2767,4381,3596,4763,5207,5573,5760
KULTURA I SZTUKA,,,,,,,,,,,,,,
Placówki biblioteczne,,,,,,,,,,,,,,
biblioteki i filie ogó³em,ob.,65,65,59,59,59,57,57,57,57,54,54,44,44
biblioteki i filie - obiekty przystosowane dla osób poruszaj¹cych siê na wózkach inwalidzkich,ob.,5,8,7,7,6,6,1,3,-,-,-,-,-
biblioteki i filie - obiekty przystosowane dla osób poruszaj¹cych siê na wózkach inwalidzkich: wejœcie do budynku,ob.,-,-,-,-,-,-,-,-,14,13,14,13,15
biblioteki i filie - obiekty przystosowane dla osób poruszaj¹cych siê na wózkach inwalidzkich: udogodnienia wewn¹trz budynku,ob.,-,-,-,-,-,-,-,-,2,0,3,5,5
czytelnicy w ci¹gu roku,osoba,112083,115987,112747,105141,98523,93819,89314,91973,93028,86623,87533,91419,:
czytelnicy bibliotek publicznych na 1000 ludnoœci,osoba,194,201,197,184,174,166,160,165,167,156,158,166,:
ksiêgozbiór,wol.,1420259,1436200,1442976,1475205,1515458,1496755,1500151,1501754,1531557,1552875,1562653,1569861,1587206
wypo¿yczenia ksiêgozbioru na 1 czytelnika,wol.,20.6,21.6,21.9,22.0,23.0,23.2,22.3,20.4,19.9,21.0,32.1,18.1,:
Kina,,,,,,,,,,,,,,
kina sta³e,ob.,9,8,8,9,8,12,12,11,8,13,11,10,11
kina sta³e - obiekty przystosowane dla osób poruszaj¹cych siê na wózkach inwalidzkich,ob.,3,6,6,7,5,9,8,10,-,-,-,-,-
kina sta³e - obiekty przystosowane dla osób poruszaj¹cych siê na wózkach inwalidzkich: wejœcie do budynku,ob.,-,-,-,-,-,-,-,-,8,12,11,10,11
kina sta³e - obiekty przystosowane dla osób poruszaj¹cych siê na wózkach inwalidzkich: udogodnienia wewn¹trz budynku,ob.,-,-,-,-,-,-,-,-,5,10,9,10,10
seanse ogó³em,-,55091,54581,50583,58010,66202,74866,116948,81478,88884,97940,80340,96543,99514
widzowie ogó³em,osoba,2092619,2058916,2568815,2029261,2554543,2478909,2604713,2550093,2437293,2446979,1917669,2166051,2273736
Muzea,,,,,,,,,,,,,,
muzea ³¹cznie z oddzia³ami,ob.,19,19,20,21,21,21,21,22,21,19,18,18,18
muzea ³¹cznie z oddzia³ami - obiekty przystosowane dla osób poruszaj¹cych siê na wózkach inwalidzkich,ob.,6,5,6,7,8,8,9,11,-,-,-,-,-
muzea ³¹cznie z oddzia³ami - obiekty przystosowane dla osób poruszaj¹cych siê na wózkach inwalidzkich: wejœcie do budynku,ob.,-,-,-,-,-,-,-,-,12,13,13,13,14
muzea ³¹cznie z oddzia³ami - obiekty przystosowane dla osób poruszaj¹cych siê na wózkach inwalidzkich: udogodnienia wewn¹trz budynku,ob.,-,-,-,-,-,-,-,-,8,8,7,7,8
zwiedzaj¹cy muzea i oddzia³y,osoba,218943,274419,241234,238422,291900,319647,316191,354530,293409,307599,264408,291828,285780
Galerie i salony sztuki,,,,,,,,,,,,,,
Galerie i salony sztuki,ob.,-,-,-,-,-,-,10,8,8,7,8,7,7
Galerie i salony sztuki - obiekty przystosowane dla osób poruszaj¹cych siê na wózkach inwalidzkich,ob.,-,-,-,-,-,-,2,2,-,-,-,-,-
Galerie i salony sztuki - obiekty przystosowane dla osób poruszaj¹cych siê na wózkach inwalidzkich: wejœcie do budynku,ob.,-,-,-,-,-,-,-,-,3,2,4,4,4
Galerie i salony sztuki - obiekty przystosowane dla osób poruszaj¹cych siê na wózkach inwalidzkich: udogodnienia wewn¹trz budynku,ob.,-,-,-,-,-,-,-,-,3,2,3,3,3
GOSPODARKA,,,,,,,,,,,,,,
Podmioty gospodarki narodowej wpisane do rejestru REGON (stan w dniu 31 XII),,,,,,,,,,,,,,
ogó³em,-,83813,87288,88056,90666,89624,91444,93250,94948,98092,99420,102513,105083,107117
sektor publiczny,-,1848,1887,1893,1920,1860,1831,1596,1547,1648,1540,1538,1538,1540
sektor prywatny,-,81965,85401,86163,88746,87764,89613,91654,93401,96444,97880,100975,103545,105474
Jednostki wpisane do rejestru REGON wg sekcji PKD 2007,,,,,,,,,,,,,,
"Sekcja A - Rolnictwo, leœnictwo, ³owiectwo i rybactwo",-,-,-,-,-,-,-,-,491,530,558,538,539,466
Sekcja B - Górnictwo i wydobywanie,-,-,-,-,-,-,-,-,51,55,68,69,76,91
Sekcja C - Przetwórstwo przemys³owe,-,-,-,-,-,-,-,-,7785,8142,8217,7998,7804,7741
"Sekcja D - Wytwarzanie i zaopatrywanie w energiê elektryczn¹, gaz, parê wodn¹, gor¹c¹ wodê i powietrze do uk³adów klimatyzacyjnych",-,-,-,-,-,-,-,-,127,159,244,301,353,387
Sekcja E - Dostawa wody; gospodarowanie œciekami i odpadami oraz dzia³alnoœæ zwi¹zana z rekultywacj¹,-,-,-,-,-,-,-,-,229,252,274,264,255,260
Sekcja F - Budownictwo,-,-,-,-,-,-,-,-,9469,9674,9812,9725,9582,9520
"Sekcja G - Handel hurtowy i detaliczny; naprawa pojazdów samochodowych, w³¹czaj¹c motocykle",-,-,-,-,-,-,-,-,24757,25051,25075,26406,26908,26669
Sekcja H - Transport i gospodarka magazynowa,-,-,-,-,-,-,-,-,6340,6343,6157,5979,5860,5802
Sekcja I - Dzia³alnoœæ zwi¹zana z zakwaterowaniem i us³ugami gastronomicznymi,-,-,-,-,-,-,-,-,2328,2469,2522,2579,2597,2718
Sekcja J - Informacja i komunikacja,-,-,-,-,-,-,-,-,3521,3945,4253,4667,5240,6007
Sekcja K - Dzia³alnoœæ finansowa i ubezpieczeniowa,-,-,-,-,-,-,-,-,3735,3720,3686,3778,3994,4014
Sekcja L - Dzia³alnoœæ zwi¹zana z obs³ug¹ rynku nieruchomoœci,-,-,-,-,-,-,-,-,4108,4343,4611,4839,5080,5400
"Sekcja M - Dzia³alnoœæ profesjonalna, naukowa i techniczna",-,-,-,-,-,-,-,-,13050,13657,13866,14484,15202,15781
Sekcja N - Dzia³alnoœæ w zakresie us³ug administrowania i dzia³alnoœæ wspieraj¹ca,-,-,-,-,-,-,-,-,3321,3384,3547,3684,3878,4043
Sekcja O - Administracja publiczna i obrona narodowa; obowi¹zkowe zabezpieczenia spo³eczne,-,-,-,-,-,-,-,-,104,105,107,104,106,103
Sekcja P - Edukacja,-,-,-,-,-,-,-,-,2609,2837,2822,3255,3374,3489
Sekcja Q - Opieka zdrowotna i pomoc spo³eczna,-,-,-,-,-,-,-,-,5454,5800,5937,6101,6303,6460
"Sekcja R - Dzia³alnoœæ zwi¹zana z kultur¹, rozrywk¹ i rekreacj¹",-,-,-,-,-,-,-,-,1500,1532,1491,1517,1562,1609
Sekcja S i T - Pozosta³a dzia³alnoœæ us³ugowa oraz Gospodarstwa domowe zatrudniaj¹ce pracowników; gospodarstwa domowe produkuj¹ce wyroby i œwiadcz¹ce us³ugi na w³asne potrzeby,-,-,-,-,-,-,-,-,5965,6090,6169,6221,6366,6540
Sekcja U - Organizacje i zespo³y eksterytorialne,-,-,-,-,-,-,-,-,4,4,4,4,4,4
OCHRONA ŒRODOWISKA,,,,,,,,,,,,,,
Parki narodowe,ha,0,0,0,0,0,0,0,0,0,0,0,0,0
Rezerwaty przyrody,ha,56.0,56.0,56.0,56.0,56.0,56.0,56.0,56.0,56.0,56.0,56.0,56.00,56.00
Parki krajobrazowe,ha,0,0,0,0,0,0,0,0,0,0,0,0,0
Obszary chronionego krajobrazu,ha,0,0,0,0,0,0,182.7,182.7,182.7,182.7,182.7,182.66,182.66
Pomniki przyrody,szt.,40,40,29,28,38,38,34,25,25,25,34,34,34
Komunalne i przemys³owe oczyszczalnie œcieków,szt.,12,10,9,9,8,9,9,6,8,8,7,8,8
Ludnoœæ obs³ugiwana przez oczyszczalnie œcieków miejskie i wiejskie,osoba,567000,571000,533450,536450,537450,539260,556800,504644,503500,501500,500700,501360,517020
Zu¿ycie wody na potrzeby gospodarki narodowej i ludnoœci,,,,,,,,,,,,,,
ogó³em,dam3,45909.8,44705.6,41890.2,41783.9,41045.5,39536.6,39562.4,38265.7,37574.8,38133.8,37322.1,36131.2,36634.0
przemys³,dam3,6818,6938,6150,6452,6514,5192,5151,4873,4309,4549,4288,3903,3963
rolnictwo i leœnictwo,dam3,30,29,26,25,23,25,26,30,27,27,26,28,27
eksploatacja sieci wodoci¹gowej,dam3,39061.8,37738.6,35714.2,35306.9,34508.5,34319.6,34385.4,33362.7,33238.8,33557.8,33008.1,32200.2,32644.0
gospodarstwa domowe,dam3,-,25679.1,24528.4,23964.1,23298.8,23816.0,23750.1,23075.3,22945.2,22955.0,22667.3,22195.4,21961.7
DOCHODY I WYDATKI BUD¯ETÓW JEDNOSTEK SAMORZ¥DU TERYTORIALNEGO*,,,,,,,,,,,,,,
Dochody bud¿etu gminy,,,,,,,,,,,,,,
dochody ogó³em,z³,1314206959.00,1289393122.00,1470006253.00,1668268655.00,1745349889.54,2238196070.91,2376816425.63,2372482561.67,2442487277.43,2471619970.72,2753921108.06,2664639270.81,2831933373.57
dochody w³asne,z³,758529076.00,793891368.00,1014685462.00,1142005166.00,1167414046.73,1483468527.43,1758241690.49,1736812376.57,1736618881.80,1738131755.65,1868695835.70,1796634981.10,1901943491.82
"dotacje ogó³em (celowe + dotacje paragrafy 200, 620)",z³,-,-,-,-,-,-,-,165361130.10,219489516.63,211613610.07,343138702.36,329136296.71,379625060.75
subwencje ogólne,z³,362971031.00,389401352.00,328129039.00,352758366.00,372183026.00,398613600.00,428532892.00,470309055.00,486378879.00,521874605.00,542086570.00,538867993.00,550364821.00
subwencje na zadania oœwiatowe,z³,-,-,-,-,353369607.00,368026413.00,401166390.00,437151538.00,454291693.00,489997144.00,516972336.00,522211435.00,524515934.00
œrodki pozyskane z bud¿etu Unii Europejskiej,z³,-,-,-,-,44658833.57,194990605.27,81297382.52,80029436.54,-,-,-,-,-
œrodki z Unii Europejskiej na finansowanie programów i projektów unijnych,z³,-,-,-,-,-,-,-,-,16642296.77,2210690.52,21425551.04,2127374.80,2345553.41
dochody ogó³em na 1 mieszkañca,z³,2271.45,2239.53,2565.44,2926.74,3080.69,3968.19,4248.43,4266.89,4387.27,4459.07,4985.44,4852.90,5178.83
dochody w³asne na 1 mieszkañca,z³,1311.03,1378.90,1770.82,2003.48,2060.58,2630.10,3142.76,3123.64,3119.36,3135.78,3382.91,3272.07,3478.13
Dochody gminy ogó³em wg dzia³ów,,,,,,,,,,,,,,
rolnictwo i ³owiectwo,z³,-,-,-,-,-,-,89480.97,114588.73,133939.04,132977.64,149717.39,174453.77,164574.66
leœnictwo,z³,-,-,-,-,-,-,0,666.81,903.89,1358.13,2646.58,0,0
rybo³ówstwo i rybactwo,z³,-,-,-,-,-,-,11390.00,12940.00,10170.00,10880.00,10330.00,8930.00,9660.00
górnictwo i kopalnictwo,z³,-,-,-,-,-,-,0,0,0,0,0,0,0
przetwórstwo przemys³owe,z³,-,-,-,-,-,-,0,0,0,0,0,0,0
"wytwarzanie i zaopatrywanie w energiê elektryczn¹, gaz i wodê",z³,-,-,-,-,-,-,0,24192.00,0,0,0,0,0
handel,z³,-,-,-,-,-,-,0,0,0,0,0,0,0
hotele i restauracje,z³,-,-,-,-,-,-,0,0,0,0,0,0,0
transport i ³¹cznoœæ,z³,-,-,-,-,-,-,63415024.46,175096116.02,174786681.98,194065861.69,405989849.36,337081896.95,362501580.90
turystyka,z³,-,-,-,-,-,-,297556.26,5515.50,151.31,60.05,4643.54,74.22,1282.77
gospodarka mieszkaniowa,z³,-,-,-,-,-,-,215722464.50,105229222.98,133019537.16,134959456.59,136327724.34,133836658.48,166356215.40
dzia³alnoœæ us³ugowa,z³,-,-,-,-,-,-,2430083.53,2202885.89,2313012.35,5093008.43,4684892.09,6111958.42,4668985.49
informatyka,z³,-,-,-,-,-,-,754703.98,1599555.18,155.64,22898.80,273583.12,1858579.25,335252.47
nauka,z³,-,-,-,-,-,-,7097.73,0,0,0,0,0,0
administracja publiczna,z³,-,-,-,-,-,-,6304358.79,6642022.87,7623617.59,7380937.25,7652443.07,9515613.26,8892502.29
"urzêdy naczelnych organów w³adzy pañstwowej, kontroli i ochrony prawa oraz s¹downictwa",z³,-,-,-,-,-,-,81504.30,734334.78,2429711.01,807156.39,91478.00,90688.00,2685679.73
obrona narodowa,z³,-,-,-,-,-,-,2598.03,4201.79,0,0,0,0,0
obowi¹zkowe ubezpieczenia spo³eczne,z³,-,-,-,-,-,-,0,0,0,0,0,0,0
bezpieczeñstwo publiczne i ochrona przeciwpo¿arowa,z³,-,-,-,-,-,-,32622782.22,39542874.04,37530624.46,40009631.84,43826595.21,41425226.98,43228197.21
wymiar sprawiedliwoœci,z³,-,-,-,-,-,-,0,0,0,0,0,0,0
"dochody od osób prawnych, od osób fizycznych i od innych jednostek nieposiadaj¹cych osobowoœci prawnej oraz wydatki zwi¹zane z ich poborem",z³,-,-,-,-,-,-,1314716809.97,1284324100.88,1264251984.65,1300106058.49,1323642346.50,1361988058.38,1436751933.99
obs³uga d³ugu publicznego,z³,-,-,-,-,-,-,0,0,0,0,0,0,0
ró¿ne rozliczenia,z³,-,-,-,-,-,-,452008918.76,491917893.41,494604820.49,527949297.18,603610782.04,547646203.29,593075713.97
oœwiata i wychowanie,z³,-,-,-,-,-,-,9287458.37,11243738.15,19076570.69,32656521.36,30822110.80,35886076.98,44061034.02
szkolnictwo wy¿sze,z³,-,-,-,-,-,-,0,361800.00,376867.19,184988.49,0,10710.31,8109.60
ochrona zdrowia,z³,-,-,-,-,-,-,15466479.39,1856619.58,1953935.99,2849051.87,6103899.05,7391597.35,862499.96
pomoc spo³eczna,z³,-,-,-,-,-,-,109403119.15,107595351.37,112047070.75,115513437.91,117441457.57,122904146.36,123591452.42
pozosta³e zadania w zakresie polityki spo³ecznej,z³,-,-,-,-,-,-,5581847.76,7595790.56,9495846.73,11891161.73,13242721.68,22163077.32,11818221.96
edukacyjna opieka wychowawcza,z³,-,-,-,-,-,-,3973351.94,1954686.79,1438764.05,2026116.25,2115283.15,2471311.18,2028602.05
gospodarka komunalna i ochrona œrodowiska,z³,-,-,-,-,-,-,135369060.04,81517435.87,26982465.57,10874438.60,27822880.38,10915652.10,5820323.07
kultura i ochrona dziedzictwa narodowego,z³,-,-,-,-,-,-,79731.84,2249381.59,1480528.96,5439171.85,6331576.08,15902989.18,18929781.36
ogrody botan. i zoolog. oraz naturalne obszary i obiekty chronionej przyrody,z³,-,-,-,-,-,-,7116314.39,19619407.10,3887382.47,5622840.72,6845701.05,5046159.28,5035923.40
kultura fizyczna i sport,z³,-,-,-,-,-,-,2074289.25,31037239.78,149042535.46,-,-,-,-
kultura fizyczna,z³,-,-,-,-,-,-,-,-,-,74022659.46,16928447.06,2209209.75,1105846.85
Wydatki z bud¿etu gminy,,,,,,,,,,,,,,
wydatki ogó³em,z³,1481384727.00,1434653962.00,1484075984.00,1689858822.00,1875496576.22,2107024033.48,2340447626.46,2710241474.69,2946734086.50,3062131499.58,2854406230.73,2693726494.29,2578686270.39
wydatki maj¹tkowe ogó³em,z³,216513382.00,203390841.00,199402354.00,327976562.00,532501846.18,614195084.00,684379297.19,768994291.60,872598332.02,945383033.68,594595986.42,499719038.02,305227689.85
wydatki maj¹tkowe inwestycyjne,z³,187738682.00,168690691.00,166327354.00,286957296.00,491668465.39,569486764.00,652639297.19,768994291.60,872598332.02,921983033.68,594595986.42,488769038.02,305127689.85
wydatki bie¿¹ce ogó³em,z³,-,-,-,-,-,-,1656068329.27,1941247183.09,2074135754.48,2116748465.90,2259810244.31,2194007456.27,2273458580.54
wydatki bie¿¹ce na wynagrodzenia,z³,-,-,-,-,-,-,489979639.44,537604037.46,570997789.43,690374283.33,715094508.59,717828962.99,735600241.81
wydatki ogó³em na 1 mieszkañca,z³,2560.39,2491.83,2590.00,2964.61,3310.40,3735.63,4183.42,4874.34,5293.01,5524.42,5167.35,4905.87,4715.71
Wydatki gminy ogó³em wg dzia³ów,,,,,,,,,,,,,,
rolnictwo i ³owiectwo,z³,-,-,-,-,-,-,388506.52,447083.58,940349.83,550754.51,416272.60,1064246.18,419689.91
leœnictwo,z³,-,-,-,-,-,-,39960.00,24840.00,12000.00,3240.49,0,0,0
rybo³ówstwo i rybactwo,z³,-,-,-,-,-,-,0,0,0,0,0,0,0
górnictwo i kopalnictwo,z³,-,-,-,-,-,-,0,0,0,0,0,0,0
przetwórstwo przemys³owe,z³,-,-,-,-,-,-,0,0,0,0,0,0,0
"wytwarzanie i zaopatrywanie w energiê elektryczn¹, gaz i wodê",z³,-,-,-,-,-,-,28501.82,0,0,0,0,0,0
handel,z³,-,-,-,-,-,-,0,0,0,0,0,0,0
hotele i restauracje,z³,-,-,-,-,-,-,0,0,0,0,0,0,0
transport i ³¹cznoœæ,z³,-,-,-,-,-,-,679973292.05,714831904.79,801406604.70,1095981510.18,910558946.03,860003805.25,717353486.33
turystyka,z³,-,-,-,-,-,-,1816612.07,2424168.03,1932222.44,639821.35,375884.92,105000.00,114000.00
gospodarka mieszkaniowa,z³,-,-,-,-,-,-,81086610.78,47226469.92,64637415.31,41901682.71,107230540.30,36281744.34,46967667.29
dzia³alnoœæ us³ugowa,z³,-,-,-,-,-,-,30768373.18,34194641.26,30734521.23,33875448.98,31378097.34,32363015.78,32429768.22
informatyka,z³,-,-,-,-,-,-,1328860.53,190814.74,514687.50,3730343.80,3057993.78,15340668.21,30271244.72
nauka,z³,-,-,-,-,-,-,5122.66,0,0,0,0,0,0
administracja publiczna,z³,-,-,-,-,-,-,132601145.84,150306036.02,152908979.44,155121238.85,145697284.92,136795035.62,143839613.00
"urzêdy naczelnych organów w³adzy pañstwowej, kontroli i ochrony prawa oraz s¹downictwa",z³,-,-,-,-,-,-,81507.93,789600.28,2683029.35,964872.71,91478.00,90688.00,3660050.87
obrona narodowa,z³,-,-,-,-,-,-,4201.25,0,0,0,0,50.01,0
obowi¹zkowe ubezpieczenia spo³eczne,z³,-,-,-,-,-,-,0,0,0,0,0,0,0
bezpieczeñstwo publiczne i ochrona przeciwpo¿arowa,z³,-,-,-,-,-,-,54575621.81,68736741.19,69672026.93,65501496.08,67604860.52,61917722.51,63943738.21
wymiar sprawiedliwoœci,z³,-,-,-,-,-,-,0,0,0,0,0,0,0
"dochody od osób prawnych, od osób fizycznych i od innych jednostek nieposiadaj¹cych osobowoœci prawnej oraz wydatki zwi¹zane z ich poborem",z³,-,-,-,-,-,-,2234685.27,2071771.68,2054196.70,2145843.36,0,0,0
obs³uga d³ugu publicznego,z³,-,-,-,-,-,-,37101151.82,29199994.01,31504898.19,54190921.83,94741014.33,72312260.95,58801276.13
ró¿ne rozliczenia,z³,-,-,-,-,-,-,64295444.47,88014959.06,77136611.32,83845649.44,75795858.86,66958755.30,69670356.82
oœwiata i wychowanie,z³,-,-,-,-,-,-,597602330.19,656453952.04,694900607.93,731909692.61,773699432.35,782602987.22,809980007.76
szkolnictwo wy¿sze,z³,-,-,-,-,-,-,139384.51,2466587.76,2197845.84,1826541.28,844678.34,339647.26,306871.84
ochrona zdrowia,z³,-,-,-,-,-,-,54748343.34,68622357.55,67392785.51,44501735.44,19107554.61,20335373.40,24492049.92
pomoc spo³eczna,z³,-,-,-,-,-,-,227691631.61,233999623.82,245995113.98,251235141.65,252842350.61,264998029.15,272763857.41
pozosta³e zadania w zakresie polityki spo³ecznej,z³,-,-,-,-,-,-,22196047.14,25927111.51,28209735.63,30104540.80,32302975.39,43239759.74,35487138.25
edukacyjna opieka wychowawcza,z³,-,-,-,-,-,-,38746703.19,42018423.38,45586955.87,47232603.49,49987672.27,53173361.10,55335739.29
gospodarka komunalna i ochrona œrodowiska,z³,-,-,-,-,-,-,101282881.91,100761900.13,86630911.53,72728216.49,87836848.68,68375774.84,57691033.16
kultura i ochrona dziedzictwa narodowego,z³,-,-,-,-,-,-,77761501.01,71701788.82,87908317.95,123105372.49,117377368.23,130588955.21,108383919.51
ogrody botan. i zoolog. oraz naturalne obszary i obiekty chronionej przyrody,z³,-,-,-,-,-,-,40637508.29,16171232.11,18150928.77,18089553.62,16949426.66,17949923.72,18208495.53
kultura fizyczna i sport,z³,-,-,-,-,-,-,93311697.27,353659473.01,433623340.55,-,-,-,-
kultura fizyczna,z³,-,-,-,-,-,-,-,-,-,202945277.42,66509691.99,28889690.50,28566266.22
